{"cameraMode":{"drawMode":0,"name":"Shaded","section":"Shading Mode"},"sceneLighting":false,"audioPlay":false,"sceneViewState":{"showFog":true,"showMaterialUpdate":true,"showSkybox":false,"showFlares":true,"showImageEffects":true,"showParticleSystems":true},"in2DMode":false,"pivot":{"x":-0.023034438490867616,"y":-0.009915267117321492,"z":-0.05840639770030975},"rotation":{"x":0.0013827580260112882,"y":-0.9755728244781494,"z":0.21958982944488526,"w":0.006142740603536367},"size":0.6036137938499451,"orthographic":false}