{"cameraMode":{"drawMode":0,"name":"Shaded","section":"Shading Mode"},"sceneLighting":false,"audioPlay":false,"sceneViewState":{"showFog":true,"showMaterialUpdate":true,"showSkybox":false,"showFlares":true,"showImageEffects":true,"showParticleSystems":true},"in2DMode":false,"pivot":{"x":0.06062775105237961,"y":0.168124258518219,"z":-0.02302863635122776},"rotation":{"x":-0.06969863176345825,"y":0.895029604434967,"z":-0.15070003271102906,"w":-0.41394996643066409},"size":1.8361380100250245,"orthographic":false}