{"cameraMode":{"drawMode":0,"name":"Shaded","section":"Shading Mode"},"sceneLighting":false,"audioPlay":false,"sceneViewState":{"showFog":false,"showMaterialUpdate":false,"showSkybox":false,"showFlares":false,"showImageEffects":false,"showParticleSystems":false},"in2DMode":false,"pivot":{"x":-0.43219518661499026,"y":0.007906913757324219,"z":-0.2690591812133789},"rotation":{"x":-0.12448594719171524,"y":0.8555647134780884,"z":-0.24176457524299622,"w":-0.4405386745929718},"size":28.578840255737306,"orthographic":false}